N,average_elapsed_time,gflops
100,0.0097383,0.205375
500,1.26062,0.198314
10,1.50681e-05,0.132731
